unnamed_1;unnamed_2;unnamed_3;unnamed_4;unnamed_5;unnamed_6;unnamed_7;unnamed_8;unnamed_9
Ano de Exercício;Unidade Orçamentária - Sigla;Unidade Orçamentária - Código;Unidade Orçamentária - Nome;Valor Despesa Empenhada;Valor Despesa Liquidada;Valor Pago Financeiro;Valor Liquidado RP;Valor Pago RP
2025;AGE;1081;ADVOCACIA GERAL DO ESTADO;35640126.45;27348088.54;20438708.9;2761361.24;14037404.22
2025;AGÊNCIA RMBH;2431;AGENCIA DE DESENVOLVIMENTO DA REGIAO METROPOLITANA DE BELO HORIZONTE;3225983.07;3093158.3;2631436.82;40931.07;86194.77
2025;ALMG;1011;ASSEMBLEIA LEGISLATIVA DO ESTADO DE MINAS GERAIS;180752861.99;146764885.94;133127529.7;42443642.8;40405526.9
2025;ARMVA;2461;AGENCIA DE DESENVOLVIMENTO DA REGIAO METROPOLITANA DO VALE DO ACO;2521986.68;1647855.54;1285030.9;179384.15;188729.41
2025;ARSAE -MG;2441;AGENCIA REGULADORA DE SERVICOS DE ABASTECIMENTO DE AGUA E DE ESGOTAMENTO SANITARIO DO ESTADO DE MINA;2325270.98;2026027.35;1865779.96;239308.51;314860.33
2025;ARTEMIG;2471;AGENCIA REGULADORA DE TRANSPORTES DO ESTADO DE MINAS GERAIS;8531156.08;5315265.48;4942154.98;;
2025;CBMMG;1401;CORPO DE BOMBEIROS MILITAR DO ESTADO DE MINAS GERAIS;126194932.14;52021493.06;46111572.42;75929172.04;76393352.49
2025;CGE;1521;CONTROLADORIA-GERAL DO ESTADO;5232552.78;3872588.41;3646547.81;915269.58;947061.65
2025;DEF PUB;1441;DEFENSORIA PUBLICA DO ESTADO DE MINAS GERAIS;130365415.96;111505603.48;100336825.21;20653850.41;19513314.18
2025;DER-MG;2301;DEPARTAMENTO DE ESTRADAS DE RODAGEM DO ESTADO DE MINAS GERAIS;1815023530.84;1332106225.01;1297735416.5;420007538.96;426112871.08
2025;EGE - SEF;1911;EGE SEC.FAZENDA-ENCARGOS DIVERSOS;;;;70456474.19;70456474.19
2025;EGE-SEPLAG;1941;EGE-SECRETARIA DE ESTADO DE PLANEJAMENTO E GESTAO;2536179.04;1269290.38;1179341.08;1701683.69;1697355.45
2025;EMATER;3041;EMPRESA DE ASSISTENCIA TECNICA E EXTENSAO RURAL DO ESTADO DE MINAS GERAIS;411646902.58;411646902.58;411646902.58;;
2025;EMC;3151;EMPRESA MINEIRA DE COMUNICACAO;30003569.6;30003569.6;30003569.6;;
2025;EMG - ADM. DIRETA;9999;EMG - ADMINISTRACAO DIRETA;;;;;
2025;EPAMIG;3051;EMPRESA DE PESQUISA AGROPECUARIA DE MINAS GERAIS;150702794.76;150702794.76;150702794.76;;
2025;ESP MG;1541;ESCOLA DE SAUDE PUBLICA DO ESTADO DE MINAS GERAIS;7783341.19;6018691.52;5313682.37;392566.27;351886.66
2025;FAHMEMG;4541;FUNDO DE APOIO HABITACIONAL AOS MILITARES DO ESTADO DE MINAS GERAIS;350405;318593.91;300914.63;27969.18;26392.47
2025;FAOP;2171;FUNDACAO DE ARTE DE OURO PRETO;1235187.01;1064156.13;896988.43;190937.95;658222.08
2025;FAPEMIG;2071;FUNDACAO DE AMPARO A PESQUISA DO ESTADO DE MINAS GERAIS;27869971.53;25264175.03;22782142.66;8558052.46;9746085.85
2025;FCS;2181;FUNDACAO CLOVIS SALGADO;13581081.19;11714881.88;9835446.02;2383236.78;2341262.3
2025;FDM;4331;FUNDO DE DESENVOLVIMENTO METROPOLITANO;3035441.45;97428.45;93102.96;207143.08;206186.42
2025;FEAM;2091;FUNDACAO ESTADUAL DO MEIO AMBIENTE;14859750.61;13424327.01;12076459.73;2410023.68;2371622.14
2025;FEAS;4251;FUNDO ESTADUAL DE ASSISTENCIA SOCIAL;13274750.2;11938543.5;10570226.5;5368668.26;6383548.96
2025;FEC;4491;FUNDO ESTADUAL DE CULTURA;;;;20000;15394
2025;FEH;4101;FUNDO ESTADUAL DE HABITACAO;;;;0;0
2025;FEI;4601;FUNDO ESTADUAL DOS DIREITOS DO IDOSO;1471355;1031619.6;985712.53;3181616.43;5929481.15
2025;FEPDC;4451;FUNDO ESTADUAL DE PROTECAO E DEFESA DO CONSUMIDOR;40501588.84;6180545.94;5253987.28;8721781.61;8080885.32
2025;FEPJ;4031;FUNDO ESPECIAL DO PODER JUDICIARIO DO ESTADO DE MINAS GERAIS;1966774928.17;1592888479.61;1375394217.6;192997790.17;178440669.23
2025;FES;4291;FUNDO ESTADUAL DE SAUDE;1362287082.92;1006982665.41;930049430.41;554412568.12;1170372268.63
2025;FESP-MG;4691;FUNDO ESTADUAL DE SEGURANCA PUBLICA DE MINAS GERAIS;64693569.4;14424854.82;9652071.02;31972987.06;33424879.7
2025;FET-MG;4701;FUNDO ESTADUAL DO TRABALHO DE MINAS GERAIS;2061486.56;735736.86;707772.7;86697.3;86523.72
2025;FFP - MG;4711;FUNDO FINANCEIRO DE PREVIDENCIA DO ESTADO DE MINAS GERAIS;;;;2149146.04;2195211.7
2025;FHA;2151;FUNDACAO HELENA ANTIPOFF;22445706.24;16980301.31;16174330.85;1843192.21;1795101.64
2025;FHEMIG;2271;FUNDACAO HOSPITALAR DO ESTADO DE MINAS GERAIS;690392850.63;565744045.79;521637562.78;65739905.52;81350881.04
2025;FHIDRO;4341;FUNDO DE RECUPERACAO, PROTECAO E DESENVOLVIMENTO SUSTENTAVEL DAS BACIAS HIDROGRAFICAS DO ESTADO DE M;781858.49;708840.68;589023.61;677235.17;771652.47
2025;FIA;4091;FUNDO PARA A INFANCIA E A ADOLESCENCIA;610536.65;323136.66;323136.66;3000000;2867068.53
2025;FJP;2061;FUNDACAO JOAO PINHEIRO;12717266.18;10263123.01;9059338.28;1136626.26;1038526.51
2025;FPE;4141;FUNDO PENITENCIARIO ESTADUAL;10407251.17;6488589.5;6364731.34;8129791.86;8781795.31
2025;FPP - MG;4631;FUNDO DE PAGAMENTO DE PARCERIAS PUBLICO - PRIVADAS DE MINAS GERAIS;551297494.41;499038144.34;470142063.07;38807692.05;35286533.51
2025;FUCAM;2161;FUNDACAO EDUCACIONAL CAIO MARTINS;1306128.89;912344.81;834776.1;419440.72;416373.16
2025;FUNAPEC;4551;FUNDO DE ASSISTENCIA AO PECULIO DOS SERVIDORES DO ESTADO DE MINAS GERAIS;;;;620005.26;620005.26
2025;FUNDALEMG;4121;FUNDO ESPECIAL DA ASSEMBLEIA LEGISLATIVA DO ESTADO DE MINAS GERAIS;;;;765520;704278.4
2025;FUNDIF;4421;FUNDO ESTADUAL DE DEFESA DE DIREITOS DIFUSOS;3658.62;3658.62;3658.62;0;895.13
2025;FUNED;2261;FUNDACAO EZEQUIEL DIAS;428927250.96;245649458.6;232061768.64;131728444.02;169461260.51
2025;FUNEMP;4441;FUNDO ESPECIAL DO MINISTERIO PUBLICO DO ESTADO DE MINAS GERAIS;14649640.67;1173096.28;1098197.52;6266323.05;6049400.48
2025;FUNTRANS;4381;FUNDO ESTADUAL DE DESENVOLVIMENTO DE TRANSPORTES;127170575.95;102885370.45;98080707.2;22672867.63;21378670.3
2025;GABINETE MILITAR;1071;GABINETE MILITAR DO GOVERNADOR DO ESTADO DE MINAS GERAIS;42308464.76;21358582.02;18612466.32;4382188.45;4293686.19
2025;GDPE - SEF;1916;GESTAO DA DIVIDA PUBLICA ESTADUAL;;;;0;260833467.16
2025;HEMOMINAS;2321;FUNDACAO CENTRO DE HEMATOLOGIA E HEMOTERAPIA DE MINAS GERAIS;193219059.3;159089336.34;146621312.05;31236043.19;31999570.86
2025;IDENE;2421;INSTITUTO DE DESENVOLVIMENTO DO NORTE E NORDESTE DE MINAS GERAIS;50527838.19;32397666.62;30535778.74;7267490.57;7919552.42
2025;IEF;2101;INSTITUTO ESTADUAL DE FLORESTAS;66037057.46;54393468.32;46702934.5;7940873.29;8988943.95
2025;IEPHA;2201;INSTITUTO ESTADUAL DO PATRIMONIO HISTORICO E ARTISTICO DE MINAS GERAIS;7461044.53;6460996.99;5227305.54;1361879.35;1268922.95
2025;IGAM;2241;INSTITUTO MINEIRO DE GESTAO DAS AGUAS;11120593.8;8241778.19;7818133.01;1720598.04;12163936.48
2025;IMA;2371;INSTITUTO MINEIRO DE AGROPECUARIA;19321334.79;13523260.73;12243617.37;7206218.74;7737210.34
2025;IPEMMG;2331;INSTITUTO DE METROLOGIA E QUALIDADE DO ESTADO DE MINAS GERAIS;13676692.59;12255641.75;10913131.12;449499.79;857261.6
2025;IPLEMG;2361;INSTITUTO DE PREVIDENCIA DO LEGISLATIVO DO ESTADO DE MINAS GERAIS;68465842.09;68465842.09;68465842.09;;
2025;IPSEMG;2011;INSTITUTO DE PREVIDENCIA DOS SERVIDORES DO ESTADO DE MINAS GERAIS;317588972.65;242449485.72;224900638.49;96695021.44;93967041.12
2025;IPSM;2121;INSTITUTO DE PREVIDENCIA DOS SERVIDORES MILITARES DO ESTADO DE MINAS GERAIS;102305375.99;88759441.81;81528414.51;16902644.95;15901811.09
2025;JUCEMG;2251;JUNTA COMERCIAL DO ESTADO DE MINAS GERAIS;14883843.71;12754454.71;10951834.76;1502850.88;1415037.52
2025;LEMG;2041;LOTERIA DO ESTADO DE MINAS GERAIS;161962.33;125489.47;118482.07;25301.47;27866.64
2025;MG INVESTE;4621;FUNDO DE INVESTIMENTO DO ESTADO DE MINAS GERAIS;;;;0;0
2025;OGE;1101;OUVIDORIA-GERAL DO ESTADO DE MINAS GERAIS;1962170.85;1842391.16;1687424.71;59648.14;57114.59
2025;PARTICIPAÇÃO EMPRESAS;1915;PARTICIPACAO NO AUMENTO DO CAPITAL SOCIAL DE EMPRESAS;;;;46.77;46.77
2025;PCMG;1511;POLICIA CIVIL DO ESTADO DE MINAS GERAIS;291434748.82;230281934.94;210474698.43;42618737.24;59458561.98
2025;PGJ;1091;PROCURADORIA GERAL DE JUSTICA;373360990.04;288800424.93;246765253.55;96154922.41;96149546.79
2025;PMMG;1251;POLICIA MILITAR DO ESTADO DE MINAS GERAIS;602215326.59;334228626.99;302216104.26;184962081.37;202025685.92
2025;SCC;1721;SECRETARIA DE ESTADO DA CASA CIVIL;2536988.16;2273562.28;1921255.95;281652.2;286434.33
2025;SEAPA;1231;SECRETARIA DE ESTADO DE AGRICULTURA, PECUARIA E ABASTECIMENTO;125148860.72;102321590.84;98646414.1;18854223.87;22967709.13
2025;SEC. GERAL;1631;SECRETARIA-GERAL;1258886.8;1220837.34;1034678.49;143395.07;138983.68
2025;SECOM;1711;SECRETARIA DE ESTADO DE COMUNICACAO SOCIAL;167877885.35;88316959.21;83757957.26;80368832.76;76618911.3
2025;SECULT;1271;SECRETARIA DE ESTADO DE CULTURA E TURISMO;31225463.65;29951004.32;27110347.25;2511400.79;2488069.72
2025;SEDE;1221;SECRETARIA DE ESTADO DE DESENVOLVIMENTO ECONOMICO;332794381.23;15826635.76;13970714.82;10406884.06;10243986.89
2025;SEDESE;1481;SECRETARIA DE ESTADO DE DESENVOLVIMENTO SOCIAL;76364473.64;25375821.97;23154513.43;14551272.77;20447314.45
2025;SEE;1261;SECRETARIA DE ESTADO DE EDUCACAO;1647660426.2;1460985023.78;1357356293.22;447641263.11;540612837.39
2025;SEF;1191;SECRETARIA DE ESTADO DE FAZENDA;272121296.31;182907889.63;163991369.41;40721854.18;44087235.97
2025;SEGOV;1491;SECRETARIA DE ESTADO DE GOVERNO;43335682.08;37911528.7;29811965.03;20217485.8;18563678.75
2025;SEINFRA;1301;SECRETARIA DE ESTADO DE INFRAESTRUTURA, MOBILIDADE E PARCERIAS;159660221.46;72388716;68042026.41;202731195.92;212902410.91
2025;SEJUSP;1451;SECRETARIA DE ESTADO DE JUSTICA E SEGURANCA PUBLICA;859917961.11;675481277.94;645008694.01;115883928.33;112980992.92
2025;SEMAD;1371;SECRETARIA DE ESTADO DE MEIO AMBIENTE E DESENVOLVIMENTO SUSTENTAVEL;30627879.2;24704490.71;22673198.22;5668995;5736972.23
2025;SEPLAG;1501;SECRETARIA DE ESTADO DE PLANEJAMENTO E GESTAO;462075650.68;370898728.94;327404904.65;67080853.65;71761641.3
2025;TCEMG;1021;TRIBUNAL DE CONTAS DO ESTADO DE MINAS GERAIS;129302564.54;91754036.39;77297843.15;33277251.8;28545120.13
2025;TJMMG;1051;TRIBUNAL DE JUSTICA MILITAR DO ESTADO DE MINAS GERAIS;18735731.76;13076787.92;11529840.23;6895032.89;6499456.92
2025;TV MINAS;2211;FUNDACAO TV MINAS CULTURAL E EDUCATIVA;7073363.83;6415719.38;5724333.06;964592.52;987529.81
2025;UEMG;2351;UNIVERSIDADE DO ESTADO DE MINAS GERAIS;102730235.3;72858869.34;65773942.81;8096430.92;9282756.77
2025;UNIMONTES;2311;UNIVERSIDADE ESTADUAL DE MONTES CLAROS;85401973.18;63164899.02;57076892.02;43051446.14;39285186.23
2025;UTRAMIG;2281;FUNDACAO DE EDUCACAO PARA O TRABALHO DE MINAS GERAIS;3674762.92;3127428.16;2767627.66;261911.27;231057.02
